product_id,current_stock,safety_stock,eoq,rop,inventory_value,carrying_cost,stock_status,updated_timestamp
PROD_001,248,116,277,184,4010.16,802.03,Normal,2026-09-27 11:29:19.580648
PROD_002,205,36,60,105,69894.75,13978.95,Normal,2026-09-27 11:29:19.580687
PROD_003,262,115,241,188,5991.94,1198.39,Normal,2026-09-27 11:29:19.580719
PROD_004,224,36,187,76,4733.12,946.62,Normal,2026-09-27 11:29:19.580748
PROD_005,899,181,203,251,27913.95,5582.79,Normal,2026-09-27 11:29:19.580776
PROD_006,442,72,294,193,11315.2,2263.04,Normal,2026-09-27 11:29:19.580806
PROD_007,1019,106,188,157,27095.21,5419.04,Normal,2026-09-27 11:29:19.580834
PROD_008,620,216,234,350,27664.4,5532.88,Normal,2026-09-27 11:29:19.580861
PROD_009,207,64,259,137,4104.81,820.96,Normal,2026-09-27 11:29:19.580888
PROD_010,144,33,69,122,49357.44,9871.49,Normal,2026-09-27 11:29:19.580914
PROD_011,177,15,42,33,33152.1,6630.42,Normal,2026-09-27 11:29:19.580941
PROD_012,104,33,35,86,79889.68,15977.94,Normal,2026-09-27 11:29:19.580969
PROD_013,535,199,139,240,20779.4,4155.88,Normal,2026-09-27 11:29:19.580996
PROD_014,267,27,111,116,34920.93,6984.19,Normal,2026-09-27 11:29:19.581021
PROD_015,80,65,140,105,3041.6,608.32,Low,2026-09-27 11:29:19.581047
PROD_016,96,39,83,83,11229.12,2245.82,Normal,2026-09-27 11:29:19.581073
PROD_017,744,214,429,248,2559.36,511.87,Normal,2026-09-27 11:29:19.581100
PROD_018,745,127,650,255,4112.4,822.48,Normal,2026-09-27 11:29:19.581126
PROD_019,774,248,147,266,11764.8,2352.96,Normal,2026-09-27 11:29:19.581154
PROD_020,745,130,328,242,14244.4,2848.88,Normal,2026-09-27 11:29:19.581180
PROD_021,221,167,99,186,7854.34,1570.87,Normal,2026-09-27 11:29:19.581206
PROD_022,230,240,162,302,10041.8,2008.36,Critical,2026-09-27 11:29:19.581232
PROD_023,196,146,287,236,3939.6,787.92,Low,2026-09-27 11:29:19.581258
PROD_024,57,40,81,102,9776.07,1955.21,Low,2026-09-27 11:29:19.581283
PROD_025,395,200,253,309,12280.55,2456.11,Normal,2026-09-27 11:29:19.581309
PROD_026,176,198,344,276,2134.88,426.98,Critical,2026-09-27 11:29:19.581335
PROD_027,192,77,58,92,16262.4,3252.48,Normal,2026-09-27 11:29:19.581363
PROD_028,1121,117,257,167,15581.9,3116.38,Normal,2026-09-27 11:29:19.581389
PROD_029,627,193,252,292,17938.47,3587.69,Normal,2026-09-27 11:29:19.581415
PROD_030,917,91,268,200,25428.41,5085.68,Normal,2026-09-27 11:29:19.581440
PROD_031,894,224,125,260,38424.12,7684.82,Normal,2026-09-27 11:29:19.581465
PROD_032,204,44,230,141,6831.96,1366.39,Normal,2026-09-27 11:29:19.581491
PROD_033,554,47,143,96,24110.08,4822.02,Normal,2026-09-27 11:29:19.581525
PROD_034,624,192,448,237,2583.36,516.67,Normal,2026-09-27 11:29:19.581551
PROD_035,1023,133,181,262,73267.26,14653.45,Normal,2026-09-27 11:29:19.581577
PROD_036,326,39,46,58,53226.02,10645.2,Normal,2026-09-27 11:29:19.581602
PROD_037,224,22,75,146,90193.6,18038.72,Normal,2026-09-27 11:29:19.581626
PROD_038,970,75,129,109,36578.7,7315.74,Normal,2026-09-27 11:29:19.581650
PROD_039,947,173,119,213,48240.18,9648.04,Normal,2026-09-27 11:29:19.581675
PROD_040,729,214,197,338,42376.77,8475.35,Normal,2026-09-27 11:29:19.581699
PROD_041,164,26,136,138,18089.2,3617.84,Normal,2026-09-27 11:29:19.581728
PROD_042,743,234,180,254,8455.34,1691.07,Normal,2026-09-27 11:29:19.581753
PROD_043,39,35,95,109,5832.45,1166.49,Low,2026-09-27 11:29:19.581777
PROD_044,386,90,149,136,14752.92,2950.58,Normal,2026-09-27 11:29:19.581802
PROD_045,915,247,692,368,4218.15,843.63,Normal,2026-09-27 11:29:19.581828
PROD_046,580,225,232,307,16077.6,3215.52,Normal,2026-09-27 11:29:19.581853
PROD_047,497,53,463,179,5332.81,1066.56,Normal,2026-09-27 11:29:19.581877
PROD_048,172,120,122,180,12635.12,2527.02,Low,2026-09-27 11:29:19.581903
PROD_049,536,99,81,123,35895.92,7179.18,Normal,2026-09-27 11:29:19.581928
PROD_050,193,48,38,95,112777.62,22555.52,Normal,2026-09-27 11:29:19.581952
PROD_051,401,160,792,294,1563.9,312.78,Normal,2026-09-27 11:29:19.581978
PROD_052,1155,152,270,246,27292.65,5458.53,Normal,2026-09-27 11:29:19.582004
PROD_053,198,162,246,244,4928.22,985.64,Low,2026-09-27 11:29:19.582029
PROD_054,314,220,145,264,12063.88,2412.78,Normal,2026-09-27 11:29:19.582055
PROD_055,639,181,143,234,30716.73,6143.35,Normal,2026-09-27 11:29:19.582079
PROD_056,348,98,229,143,5554.08,1110.82,Normal,2026-09-27 11:29:19.582104
PROD_057,166,28,24,49,113436.1,22687.22,Normal,2026-09-27 11:29:19.582127
PROD_058,488,49,106,178,102104.24,20420.85,Normal,2026-09-27 11:29:19.582153
PROD_059,524,37,149,142,45268.36,9053.67,Normal,2026-09-27 11:29:19.582177
PROD_060,1140,87,326,197,21420.6,4284.12,Normal,2026-09-27 11:29:19.582202
PROD_061,1140,214,266,333,35203.2,7040.64,Normal,2026-09-27 11:29:19.582226
PROD_062,407,41,240,93,6727.71,1345.54,Normal,2026-09-27 11:29:19.582249
PROD_063,235,17,60,143,148089.95,29617.99,Normal,2026-09-27 11:29:19.582272
PROD_064,639,108,291,168,8338.95,1667.79,Normal,2026-09-27 11:29:19.582296
PROD_065,229,185,361,315,4188.41,837.68,Low,2026-09-27 11:29:19.582320
PROD_066,560,65,215,189,27266.4,5453.28,Normal,2026-09-27 11:29:19.582347
PROD_067,221,14,88,103,45906.12,9181.22,Normal,2026-09-27 11:29:19.582370
PROD_068,936,209,84,223,34950.24,6990.05,Normal,2026-09-27 11:29:19.582394
PROD_069,960,230,199,282,23212.8,4642.56,Normal,2026-09-27 11:29:19.582418
PROD_070,119,88,196,217,7313.74,1462.75,Low,2026-09-27 11:29:19.582442
PROD_071,238,51,147,108,11473.98,2294.8,Normal,2026-09-27 11:29:19.582468
PROD_072,48,18,43,54,16993.92,3398.78,Low,2026-09-27 11:29:19.582491
PROD_073,589,163,422,211,2945.0,589.0,Normal,2026-09-27 11:29:19.582526
PROD_074,694,84,544,218,5753.26,1150.65,Normal,2026-09-27 11:29:19.582551
PROD_075,118,26,92,77,13148.74,2629.75,Normal,2026-09-27 11:29:19.582575
PROD_076,942,227,497,303,5294.04,1058.81,Normal,2026-09-27 11:29:19.582600
PROD_077,124,57,77,71,5239.0,1047.8,Normal,2026-09-27 11:29:19.582624
PROD_078,356,112,135,201,31349.36,6269.87,Normal,2026-09-27 11:29:19.582648
PROD_079,85,31,36,60,35306.45,7061.29,Normal,2026-09-27 11:29:19.582671
PROD_080,699,50,399,142,7416.39,1483.28,Normal,2026-09-27 11:29:19.582696
PROD_081,1115,52,107,69,30863.2,6172.64,Normal,2026-09-27 11:29:19.582719
PROD_082,610,115,409,164,3306.2,661.24,Normal,2026-09-27 11:29:19.582743
PROD_083,375,82,76,120,45870.0,9174.0,Normal,2026-09-27 11:29:19.582767
PROD_084,369,115,67,180,95445.54,19089.11,Normal,2026-09-27 11:29:19.582793
PROD_085,286,36,143,132,24544.52,4908.9,Normal,2026-09-27 11:29:19.582817
PROD_086,558,47,186,123,22347.9,4469.58,Normal,2026-09-27 11:29:19.582840
PROD_087,460,39,175,142,28142.8,5628.56,Normal,2026-09-27 11:29:19.582864
PROD_088,964,209,182,273,33826.76,6765.35,Normal,2026-09-27 11:29:19.582888
PROD_089,1096,101,302,161,13239.68,2647.94,Normal,2026-09-27 11:29:19.582912
PROD_090,387,39,70,76,53262.81,10652.56,Normal,2026-09-27 11:29:19.582936
PROD_091,38,22,19,40,31848.94,6369.79,Low,2026-09-27 11:29:19.582958
PROD_092,555,74,421,159,4872.9,974.58,Normal,2026-09-27 11:29:19.582982
PROD_093,806,233,354,285,6198.14,1239.63,Normal,2026-09-27 11:29:19.583006
PROD_094,115,102,111,202,16817.6,3363.52,Low,2026-09-27 11:29:19.583030
PROD_095,680,141,163,170,13797.2,2759.44,Normal,2026-09-27 11:29:19.583054
PROD_096,378,80,96,211,98038.08,19607.62,Normal,2026-09-27 11:29:19.583083
PROD_097,339,86,98,189,66376.2,13275.24,Normal,2026-09-27 11:29:19.583109
PROD_098,470,249,289,300,5259.3,1051.86,Normal,2026-09-27 11:29:19.583133
PROD_099,376,81,252,210,13945.84,2789.17,Normal,2026-09-27 11:29:19.583158
PROD_100,584,135,269,261,18577.04,3715.41,Normal,2026-09-27 11:29:19.583182
