product_id,product_name,category,abc_class,unit_cost,updated_timestamp
PROD_001,Product PROD_001,Consumer Goods,B,59.52,2026-10-07 12:44:13.552425
PROD_002,Product PROD_002,Automotive,B,42.16,2026-10-07 12:44:13.552470
PROD_003,Product PROD_003,Electronics,C,35.35,2026-10-07 12:44:13.552504
PROD_004,Product PROD_004,Industrial,C,41.62,2026-10-07 12:44:13.552532
PROD_005,Product PROD_005,Consumer Goods,C,20.68,2026-10-07 12:44:13.552554
PROD_006,Product PROD_006,Industrial,B,212.24,2026-10-07 12:44:13.552579
PROD_007,Product PROD_007,Automotive,C,35.2,2026-10-07 12:44:13.552602
PROD_008,Product PROD_008,Automotive,C,28.57,2026-10-07 12:44:13.552628
PROD_009,Product PROD_009,Electronics,C,45.68,2026-10-07 12:44:13.552649
PROD_010,Product PROD_010,Electronics,C,27.77,2026-10-07 12:44:13.552670
PROD_011,Product PROD_011,Raw Materials,C,13.31,2026-10-07 12:44:13.552691
PROD_012,Product PROD_012,Industrial,C,29.18,2026-10-07 12:44:13.552726
PROD_013,Product PROD_013,Automotive,A,508.34,2026-10-07 12:44:13.552746
PROD_014,Product PROD_014,Automotive,C,8.95,2026-10-07 12:44:13.552766
PROD_015,Product PROD_015,Industrial,B,240.24,2026-10-07 12:44:13.552786
PROD_016,Product PROD_016,Electronics,A,609.14,2026-10-07 12:44:13.552806
PROD_017,Product PROD_017,Raw Materials,C,11.63,2026-10-07 12:44:13.552832
PROD_018,Product PROD_018,Consumer Goods,C,8.99,2026-10-07 12:44:13.552854
PROD_019,Product PROD_019,Raw Materials,B,16.19,2026-10-07 12:44:13.552874
PROD_020,Product PROD_020,Electronics,C,43.69,2026-10-07 12:44:13.552894
PROD_021,Product PROD_021,Consumer Goods,C,19.3,2026-10-07 12:44:13.552913
PROD_022,Product PROD_022,Automotive,C,13.44,2026-10-07 12:44:13.552933
PROD_023,Product PROD_023,Industrial,A,831.32,2026-10-07 12:44:13.552952
PROD_024,Product PROD_024,Electronics,C,40.44,2026-10-07 12:44:13.552971
PROD_025,Product PROD_025,Electronics,B,69.29,2026-10-07 12:44:13.552991
PROD_026,Product PROD_026,Consumer Goods,B,77.5,2026-10-07 12:44:13.553012
PROD_027,Product PROD_027,Automotive,B,75.32,2026-10-07 12:44:13.553032
PROD_028,Product PROD_028,Industrial,C,38.56,2026-10-07 12:44:13.553055
PROD_029,Product PROD_029,Raw Materials,C,5.47,2026-10-07 12:44:13.553075
PROD_030,Product PROD_030,Automotive,C,14.25,2026-10-07 12:44:13.553098
PROD_031,Product PROD_031,Electronics,C,26.97,2026-10-07 12:44:13.553117
PROD_032,Product PROD_032,Raw Materials,C,7.73,2026-10-07 12:44:13.553136
PROD_033,Product PROD_033,Raw Materials,C,3.18,2026-10-07 12:44:13.553156
PROD_034,Product PROD_034,Industrial,C,56.02,2026-10-07 12:44:13.553178
PROD_035,Product PROD_035,Electronics,C,16.86,2026-10-07 12:44:13.553197
PROD_036,Product PROD_036,Consumer Goods,C,20.35,2026-10-07 12:44:13.553216
PROD_037,Product PROD_037,Industrial,C,25.22,2026-10-07 12:44:13.553236
PROD_038,Product PROD_038,Electronics,B,182.6,2026-10-07 12:44:13.553258
PROD_039,Product PROD_039,Industrial,C,55.79,2026-10-07 12:44:13.553279
PROD_040,Product PROD_040,Automotive,A,214.75,2026-10-07 12:44:13.553299
PROD_041,Product PROD_041,Raw Materials,C,6.48,2026-10-07 12:44:13.553319
PROD_042,Product PROD_042,Industrial,B,220.6,2026-10-07 12:44:13.553341
PROD_043,Product PROD_043,Industrial,C,61.58,2026-10-07 12:44:13.553361
PROD_044,Product PROD_044,Electronics,C,15.49,2026-10-07 12:44:13.553380
PROD_045,Product PROD_045,Automotive,B,92.18,2026-10-07 12:44:13.553400
PROD_046,Product PROD_046,Raw Materials,C,5.99,2026-10-07 12:44:13.553419
PROD_047,Product PROD_047,Industrial,C,33.87,2026-10-07 12:44:13.553438
PROD_048,Product PROD_048,Industrial,A,816.94,2026-10-07 12:44:13.553458
PROD_049,Product PROD_049,Electronics,A,328.43,2026-10-07 12:44:13.553477
PROD_050,Product PROD_050,Raw Materials,C,8.93,2026-10-07 12:44:13.553496
PROD_051,Product PROD_051,Consumer Goods,C,20.02,2026-10-07 12:44:13.553516
PROD_052,Product PROD_052,Automotive,C,34.34,2026-10-07 12:44:13.553535
PROD_053,Product PROD_053,Automotive,B,47.64,2026-10-07 12:44:13.553556
PROD_054,Product PROD_054,Industrial,A,685.1,2026-10-07 12:44:13.553576
PROD_055,Product PROD_055,Electronics,C,13.16,2026-10-07 12:44:13.553595
PROD_056,Product PROD_056,Electronics,C,42.11,2026-10-07 12:44:13.553621
PROD_057,Product PROD_057,Raw Materials,C,8.18,2026-10-07 12:44:13.553642
PROD_058,Product PROD_058,Raw Materials,C,14.53,2026-10-07 12:44:13.553662
PROD_059,Product PROD_059,Raw Materials,C,4.74,2026-10-07 12:44:13.553686
PROD_060,Product PROD_060,Industrial,C,18.46,2026-10-07 12:44:13.553720
PROD_061,Product PROD_061,Automotive,C,18.35,2026-10-07 12:44:13.553740
PROD_062,Product PROD_062,Raw Materials,B,44.69,2026-10-07 12:44:13.553760
PROD_063,Product PROD_063,Raw Materials,C,9.21,2026-10-07 12:44:13.553779
PROD_064,Product PROD_064,Electronics,B,154.26,2026-10-07 12:44:13.553798
PROD_065,Product PROD_065,Automotive,B,121.2,2026-10-07 12:44:13.553818
PROD_066,Product PROD_066,Industrial,C,67.86,2026-10-07 12:44:13.553837
PROD_067,Product PROD_067,Automotive,C,35.68,2026-10-07 12:44:13.553856
PROD_068,Product PROD_068,Electronics,B,150.63,2026-10-07 12:44:13.553876
PROD_069,Product PROD_069,Electronics,C,14.62,2026-10-07 12:44:13.553898
PROD_070,Product PROD_070,Industrial,C,32.7,2026-10-07 12:44:13.553918
PROD_071,Product PROD_071,Automotive,C,37.39,2026-10-07 12:44:13.553937
PROD_072,Product PROD_072,Consumer Goods,B,43.61,2026-10-07 12:44:13.553956
PROD_073,Product PROD_073,Electronics,A,601.11,2026-10-07 12:44:13.553976
PROD_074,Product PROD_074,Consumer Goods,B,79.56,2026-10-07 12:44:13.553995
PROD_075,Product PROD_075,Automotive,C,39.26,2026-10-07 12:44:13.554015
PROD_076,Product PROD_076,Electronics,B,96.26,2026-10-07 12:44:13.554034
PROD_077,Product PROD_077,Consumer Goods,A,334.86,2026-10-07 12:44:13.554053
PROD_078,Product PROD_078,Consumer Goods,C,23.64,2026-10-07 12:44:13.554073
PROD_079,Product PROD_079,Raw Materials,C,11.44,2026-10-07 12:44:13.554092
PROD_080,Product PROD_080,Raw Materials,C,4.24,2026-10-07 12:44:13.554114
PROD_081,Product PROD_081,Consumer Goods,C,18.26,2026-10-07 12:44:13.554135
PROD_082,Product PROD_082,Consumer Goods,A,202.82,2026-10-07 12:44:13.554157
PROD_083,Product PROD_083,Raw Materials,A,76.1,2026-10-07 12:44:13.554177
PROD_084,Product PROD_084,Industrial,C,25.78,2026-10-07 12:44:13.554196
PROD_085,Product PROD_085,Consumer Goods,C,25.61,2026-10-07 12:44:13.554215
PROD_086,Product PROD_086,Electronics,C,32.37,2026-10-07 12:44:13.554234
PROD_087,Product PROD_087,Raw Materials,C,9.08,2026-10-07 12:44:13.554254
PROD_088,Product PROD_088,Industrial,B,136.27,2026-10-07 12:44:13.554273
PROD_089,Product PROD_089,Automotive,C,28.92,2026-10-07 12:44:13.554292
PROD_090,Product PROD_090,Consumer Goods,B,80.45,2026-10-07 12:44:13.554312
PROD_091,Product PROD_091,Electronics,C,12.95,2026-10-07 12:44:13.554334
PROD_092,Product PROD_092,Electronics,A,499.08,2026-10-07 12:44:13.554356
PROD_093,Product PROD_093,Consumer Goods,C,21.58,2026-10-07 12:44:13.554375
PROD_094,Product PROD_094,Industrial,C,43.63,2026-10-07 12:44:13.554395
PROD_095,Product PROD_095,Consumer Goods,B,33.04,2026-10-07 12:44:13.554417
PROD_096,Product PROD_096,Industrial,C,20.26,2026-10-07 12:44:13.554439
PROD_097,Product PROD_097,Electronics,C,22.42,2026-10-07 12:44:13.554461
PROD_098,Product PROD_098,Consumer Goods,C,19.07,2026-10-07 12:44:13.554481
PROD_099,Product PROD_099,Industrial,C,43.11,2026-10-07 12:44:13.554501
PROD_100,Product PROD_100,Electronics,B,109.1,2026-10-07 12:44:13.554520
