supplier_id,supplier_name,lead_time_target,quality_rating,updated_timestamp
SUP_001,Bosch Manufacturing,6,4.5,2026-10-02 11:57:45.099948
SUP_002,Toyota Supply Co,5,5.0,2026-10-02 11:57:45.099962
SUP_003,Foxconn Electronics,12,4.2,2026-10-02 11:57:45.099971
SUP_004,Magna International,6,4.4,2026-10-02 11:57:45.099984
SUP_005,Siemens Industrial,12,4.7,2026-10-02 11:57:45.100006
SUP_006,Flex Manufacturing,13,4.4,2026-10-02 11:57:45.100027
SUP_007,Jabil Circuit,8,4.2,2026-10-02 11:57:45.100043
SUP_008,Celestica Inc,8,4.4,2026-10-02 11:57:45.100053
SUP_009,Sanmina Corp,6,4.7,2026-10-02 11:57:45.100061
SUP_010,Benchmark Electronics,9,4.4,2026-10-02 11:57:45.100069
SUP_011,Wistron Corp,11,4.6,2026-10-02 11:57:45.100076
SUP_012,Pegatron Corp,15,4.5,2026-10-02 11:57:45.100083
SUP_013,Quanta Computer,12,4.4,2026-10-02 11:57:45.100090
SUP_014,Compal Electronics,13,4.1,2026-10-02 11:57:45.100097
SUP_015,ASE Group,11,4.4,2026-10-02 11:57:45.100104
SUP_016,TSMC Supply,5,4.7,2026-10-02 11:57:45.100111
SUP_017,Samsung Electronics,10,4.6,2026-10-02 11:57:45.100118
SUP_018,LG Electronics,8,4.7,2026-10-02 11:57:45.100138
SUP_019,Hyundai Mobis,5,4.4,2026-10-02 11:57:45.100156
SUP_020,Continental AG,7,4.8,2026-10-02 11:57:45.100173
